ROI,Total
ROI002,500.499750249688
ROI004,500.499750249688
ROI006,500
ROI008,500.499750249688
ROI010,500.499750249688
ROI012,500.499750249688
